axis,id,time_ms,time_s,encoder,pulses,delta_t_s,vel_cmd_sps,vel_enc_sps
1,11,13,0.013000,20,21,0.013000000,1538.462,1461.538
1,12,14,0.014000,22,25,0.013000000,1769.231,1538.462
1,13,16,0.016000,24,29,0.013000000,2000.000,1538.462
1,14,17,0.017000,27,34,0.013000000,2230.769,1615.385
1,15,19,0.019000,32,38,0.013000000,2384.615,2000.000
1,16,20,0.020000,36,43,0.013000000,2615.385,2153.846
1,17,22,0.022000,39,48,0.014000000,2571.429,2071.429
1,18,24,0.024000,40,54,0.014000000,2785.714,1928.571
1,19,25,0.025000,44,60,0.014000000,3000.000,2000.000
1,20,27,0.027000,52,66,0.014000000,3214.286,2285.714
1,21,28,0.028000,60,72,0.014000000,3357.143,2714.286
1,22,30,0.030000,64,78,0.014000000,3500.000,2857.143
1,23,31,0.031000,68,85,0.014000000,3642.857,2928.571
1,24,33,0.033000,74,92,0.014000000,3857.143,3000.000
1,25,34,0.034000,74,100,0.014000000,4071.429,2714.286
1,27,36,0.036000,86,108,0.014000000,4285.714,3357.143
1,28,38,0.038000,90,116,0.014000000,4428.571,3571.429
1,29,39,0.039000,94,124,0.014000000,4571.429,3571.429
1,30,41,0.041000,102,132,0.014000000,4714.286,3571.429
1,31,42,0.042000,113,141,0.014000000,4928.571,3785.714
1,32,44,0.044000,122,151,0.014000000,5214.286,4142.857
1,33,46,0.046000,127,160,0.015000000,5000.000,3933.333
1,34,47,0.047000,132,170,0.014000000,5571.429,4142.857
1,35,49,0.049000,141,180,0.015000000,5333.333,4466.667
1,36,51,0.051000,149,191,0.015000000,5533.333,4200.000
1,37,52,0.052000,149,200,0.014000000,6000.000,4214.286
1,39,54,0.054000,167,212,0.015000000,5866.667,4866.667
1,40,55,0.055000,176,224,0.014000000,6571.429,5285.714
1,41,57,0.057000,186,235,0.015000000,6266.667,4866.667
1,42,59,0.059000,193,246,0.015000000,6333.333,4733.333
1,43,60,0.060000,200,257,0.014000000,6928.571,5214.286
1,44,62,0.062000,209,268,0.015000000,6533.333,5133.333
1,45,64,0.064000,220,279,0.015000000,6600.000,5266.667
1,46,65,0.065000,231,291,0.014000000,7142.857,5857.143
1,47,67,0.067000,231,300,0.015000000,6666.667,5466.667
1,49,68,0.068000,242,313,0.014000000,7214.286,5357.143
1,50,70,0.070000,250,324,0.015000000,6666.667,4933.333
1,51,72,0.072000,262,335,0.015000000,6666.667,5066.667
1,52,73,0.073000,276,347,0.014000000,7214.286,5928.571
1,53,75,0.075000,284,358,0.015000000,6733.333,5600.000
1,54,77,0.077000,288,369,0.015000000,6733.333,5266.667
1,55,78,0.078000,293,380,0.014000000,7214.286,5214.286
1,56,80,0.080000,304,391,0.015000000,6666.667,4866.667
1,57,81,0.081000,304,400,0.014000000,7142.857,5214.286
1,59,83,0.083000,328,414,0.015000000,6733.333,5733.333
1,60,85,0.085000,334,425,0.015000000,6733.333,5600.000
1,61,86,0.086000,340,436,0.014000000,7214.286,5571.429
1,62,88,0.088000,348,447,0.015000000,6666.667,4800.000
1,63,90,0.090000,359,459,0.015000000,6733.333,5000.000
1,64,91,0.091000,370,470,0.014000000,7214.286,5857.143
1,65,93,0.093000,378,481,0.015000000,6733.333,5666.667
1,66,94,0.094000,386,492,0.014000000,7214.286,5857.143
1,67,96,0.096000,386,500,0.015000000,6666.667,5466.667
1,69,98,0.098000,400,515,0.015000000,6733.333,4800.000
1,70,99,0.099000,410,526,0.014000000,7214.286,5428.571
1,71,101,0.101000,422,537,0.015000000,6733.333,5466.667
1,72,103,0.103000,432,548,0.015000000,6733.333,5600.000
1,73,104,0.104000,440,560,0.014000000,7214.286,5785.714
1,74,106,0.106000,444,571,0.015000000,6733.333,4933.333
1,75,107,0.107000,452,582,0.014000000,7214.286,5285.714
1,76,109,0.109000,464,593,0.015000000,6733.333,5200.000
1,77,110,0.110000,464,600,0.014000000,7142.857,5571.429
1,78,111,0.111000,478,605,0.013000000,6923.077,6000.000
1,79,112,0.112000,485,616,0.013000000,6923.077,5769.231
1,80,114,0.114000,489,628,0.013000000,7000.000,5153.846
1,81,116,0.116000,496,639,0.013000000,7000.000,4923.077
1,82,117,0.117000,508,650,0.013000000,6923.077,5230.769
1,83,119,0.119000,520,661,0.013000000,6923.077,5846.154
1,84,121,0.121000,530,673,0.014000000,6500.000,5571.429
1,85,122,0.122000,536,684,0.013000000,7000.000,5538.462
1,86,124,0.124000,542,696,0.014000000,6857.143,5571.429
1,87,125,0.125000,542,700,0.014000000,6785.714,4571.429
1,88,126,0.126000,551,707,0.014000000,6500.000,4714.286
1,89,127,0.127000,562,718,0.013000000,6923.077,5615.385
1,90,129,0.129000,572,729,0.013000000,6923.077,5846.154
1,91,130,0.130000,582,741,0.013000000,7000.000,5692.308
1,92,132,0.132000,590,752,0.013000000,7000.000,5384.615
1,93,134,0.134000,595,764,0.013000000,7000.000,5000.000
1,94,135,0.135000,604,775,0.013000000,7000.000,5230.769
1,95,137,0.137000,615,786,0.013000000,6923.077,5615.385
1,98,140,0.140000,636,809,0.015000000,7266.667,6266.667
1,99,142,0.142000,640,820,0.016000000,7062.500,5562.500
1,100,144,0.144000,646,831,0.017000000,6647.059,4941.176
1,101,145,0.145000,658,843,0.016000000,7125.000,5375.000
1,102,147,0.147000,671,854,0.017000000,6647.059,5235.294
1,103,149,0.149000,681,866,0.017000000,6705.882,5352.941
1,104,150,0.150000,687,877,0.016000000,7062.500,5750.000
1,105,152,0.152000,692,889,0.017000000,6705.882,5176.471
1,106,154,0.154000,692,900,0.017000000,6705.882,4529.412
1,108,155,0.155000,715,912,0.015000000,6866.667,5266.667
1,109,157,0.157000,724,924,0.015000000,6933.333,5600.000
1,110,159,0.159000,732,935,0.015000000,6933.333,5733.333
1,111,160,0.160000,740,947,0.015000000,6933.333,5466.667
1,112,162,0.162000,748,958,0.015000000,6933.333,5133.333
1,113,164,0.164000,758,969,0.015000000,6866.667,5133.333
1,114,165,0.165000,768,981,0.015000000,6933.333,5400.000
1,115,167,0.167000,778,992,0.015000000,6866.667,5733.333
1,116,168,0.168000,778,1000,0.014000000,7142.857,6142.857
1,117,169,0.169000,788,1004,0.014000000,6571.429,5214.286
1,118,170,0.170000,793,1016,0.013000000,7076.923,5307.692
1,119,172,0.172000,800,1027,0.013000000,7076.923,5230.769
1,120,174,0.174000,812,1039,0.014000000,6571.429,5142.857
1,121,175,0.175000,824,1051,0.013000000,7153.846,5846.154
1,122,177,0.177000,834,1062,0.013000000,7153.846,5846.154
1,123,179,0.179000,840,1074,0.014000000,6642.857,5142.857
1,124,180,0.180000,846,1086,0.013000000,7230.769,5230.769
1,127,184,0.184000,870,1109,0.016000000,6812.500,5750.000
1,128,186,0.186000,878,1121,0.017000000,6882.353,5294.118
1,129,187,0.187000,886,1132,0.017000000,6823.529,5470.588
1,130,189,0.189000,894,1144,0.017000000,6882.353,5529.412
1,131,191,0.191000,903,1156,0.017000000,6882.353,5352.941
1,132,192,0.192000,912,1167,0.017000000,6823.529,5176.471
1,133,194,0.194000,922,1179,0.017000000,6882.353,5176.471
1,134,196,0.196000,932,1191,0.017000000,6882.353,5411.765
1,135,197,0.197000,932,1200,0.017000000,6705.882,5058.824
1,137,199,0.199000,948,1214,0.015000000,7000.000,5200.000
1,138,201,0.201000,956,1226,0.015000000,7000.000,5200.000
1,139,202,0.202000,966,1237,0.015000000,7000.000,5333.333
1,140,204,0.204000,978,1249,0.015000000,7000.000,5600.000
1,141,206,0.206000,988,1260,0.015000000,6933.333,5666.667
1,142,208,0.208000,994,1272,0.016000000,6562.500,5125.000
1,143,209,0.209000,1001,1284,0.015000000,7000.000,5266.667
1,146,213,0.213000,1025,1308,0.017000000,6882.353,5470.588
1,147,214,0.214000,1033,1319,0.017000000,7000.000,5941.176
1,148,216,0.216000,1040,1331,0.017000000,6882.353,5411.765
1,149,218,0.218000,1048,1343,0.017000000,6882.353,5411.765
1,150,220,0.220000,1059,1355,0.018000000,6555.556,5166.667
1,151,221,0.221000,1069,1367,0.017000000,6941.176,5352.941
1,152,223,0.223000,1078,1378,0.017000000,6941.176,5294.118
1,153,225,0.225000,1088,1390,0.017000000,6941.176,5529.412
1,154,226,0.226000,1088,1400,0.017000000,6823.529,5117.647
1,156,228,0.228000,1104,1414,0.015000000,7066.667,5266.667
1,157,230,0.230000,1113,1426,0.016000000,6687.500,5000.000
1,158,232,0.232000,1124,1438,0.016000000,6687.500,5250.000
1,159,233,0.233000,1136,1449,0.015000000,7066.667,5866.667
1,160,235,0.235000,1144,1461,0.015000000,7066.667,5666.667
1,161,237,0.237000,1150,1473,0.016000000,6625.000,5062.500
1,162,238,0.238000,1158,1485,0.015000000,7133.333,5333.333
1,165,242,0.242000,1183,1508,0.017000000,6941.176,5588.235
1,166,244,0.244000,1190,1520,0.018000000,6666.667,5666.667
1,167,245,0.245000,1195,1532,0.017000000,6941.176,5352.941
1,168,247,0.247000,1205,1544,0.017000000,6941.176,5411.765
1,169,249,0.249000,1217,1556,0.017000000,6941.176,5470.588
1,170,250,0.250000,1228,1567,0.017000000,6941.176,5411.765
1,171,252,0.252000,1236,1579,0.017000000,6941.176,5411.765
1,172,254,0.254000,1243,1591,0.017000000,6941.176,5470.588
1,173,255,0.255000,1243,1600,0.017000000,6764.706,5000.000
1,174,256,0.256000,1254,1603,0.014000000,6785.714,5071.429
1,175,257,0.257000,1262,1615,0.013000000,7307.692,5538.462
1,176,259,0.259000,1271,1627,0.014000000,6785.714,5428.571
1,177,261,0.261000,1282,1639,0.014000000,6785.714,5500.000
1,178,262,0.262000,1292,1651,0.013000000,7307.692,5769.231
1,179,264,0.264000,1300,1662,0.014000000,6785.714,5142.857
1,180,266,0.266000,1307,1674,0.014000000,6785.714,5071.429
1,181,268,0.268000,1316,1686,0.014000000,6785.714,5214.286
1,184,271,0.271000,1340,1710,0.016000000,6875.000,6062.500
1,185,273,0.273000,1344,1721,0.017000000,6941.176,5294.118
1,186,274,0.274000,1352,1733,0.017000000,6941.176,5294.118
1,187,276,0.276000,1364,1745,0.017000000,6941.176,5470.588
1,188,278,0.278000,1376,1757,0.017000000,6941.176,5529.412
1,189,280,0.280000,1384,1769,0.018000000,6555.556,5111.111
1,190,281,0.281000,1392,1780,0.017000000,6941.176,5411.765
1,191,283,0.283000,1399,1792,0.017000000,6941.176,5411.765
1,192,284,0.284000,1399,1800,0.016000000,7125.000,5187.500
1,193,285,0.285000,1412,1804,0.014000000,6714.286,5142.857
1,194,286,0.286000,1420,1816,0.013000000,7307.692,5846.154
1,195,288,0.288000,1429,1828,0.014000000,6785.714,5500.000
1,196,290,0.290000,1438,1840,0.014000000,6785.714,5285.714
1,197,292,0.292000,1448,1852,0.014000000,6785.714,5142.857
1,198,293,0.293000,1456,1863,0.013000000,7230.769,5538.462
1,199,295,0.295000,1465,1875,0.014000000,6785.714,5214.286
1,200,297,0.297000,1475,1887,0.014000000,6785.714,5428.571
1,203,300,0.300000,1494,1911,0.016000000,6937.500,5937.500
1,204,302,0.302000,1500,1923,0.017000000,7000.000,5176.471
1,205,304,0.304000,1510,1934,0.018000000,6555.556,5000.000
1,206,305,0.305000,1522,1946,0.017000000,6941.176,5470.588
1,207,307,0.307000,1532,1958,0.017000000,6941.176,5529.412
1,208,309,0.309000,1540,1970,0.017000000,6941.176,5411.765
1,209,310,0.310000,1547,1982,0.017000000,7000.000,5352.941
1,210,312,0.312000,1557,1993,0.017000000,6941.176,5411.765
1,211,313,0.313000,1557,2000,0.016000000,7062.500,5125.000
1,212,314,0.314000,1570,2005,0.014000000,6714.286,5428.571
1,213,316,0.316000,1578,2017,0.014000000,6714.286,5571.429
1,214,317,0.317000,1586,2029,0.013000000,7307.692,5846.154
1,215,319,0.319000,1594,2041,0.014000000,6785.714,5142.857
1,216,321,0.321000,1604,2053,0.014000000,6785.714,5142.857
1,217,322,0.322000,1614,2064,0.013000000,7230.769,5692.308
1,218,324,0.324000,1622,2076,0.014000000,6714.286,5357.143
1,219,326,0.326000,1632,2088,0.014000000,6785.714,5357.143
1,220,328,0.328000,1632,2100,0.015000000,6666.667,5000.000
1,222,329,0.329000,1650,2112,0.015000000,7133.333,5333.333
1,223,331,0.331000,1658,2124,0.015000000,7133.333,5333.333
1,224,333,0.333000,1668,2135,0.016000000,6625.000,5125.000
1,225,334,0.334000,1680,2147,0.015000000,7066.667,5733.333
1,226,336,0.336000,1690,2159,0.015000000,7066.667,5733.333
1,227,338,0.338000,1696,2171,0.016000000,6687.500,5125.000
1,228,340,0.340000,1704,2183,0.016000000,6687.500,5125.000
1,229,341,0.341000,1715,2194,0.015000000,7066.667,5533.333
1,230,342,0.342000,1715,2200,0.014000000,7142.857,5928.571
1,231,343,0.343000,1727,2206,0.014000000,6714.286,5500.000
1,232,345,0.345000,1734,2218,0.014000000,6714.286,5428.571
1,233,346,0.346000,1742,2230,0.013000000,7307.692,5692.308
1,234,348,0.348000,1751,2242,0.014000000,6785.714,5071.429
1,235,350,0.350000,1762,2254,0.014000000,6785.714,5142.857
1,236,352,0.352000,1772,2266,0.014000000,6785.714,5428.571
1,237,353,0.353000,1780,2277,0.013000000,7230.769,5846.154
1,238,355,0.355000,1789,2289,0.014000000,6785.714,5285.714
1,239,357,0.357000,1789,2300,0.015000000,6666.667,4933.333
1,241,358,0.358000,1808,2313,0.015000000,7133.333,5400.000
1,242,360,0.360000,1816,2325,0.015000000,7133.333,5466.667
1,243,362,0.362000,1826,2337,0.016000000,6687.500,5250.000
1,244,364,0.364000,1836,2348,0.016000000,6625.000,5312.500
1,245,365,0.365000,1846,2360,0.015000000,7066.667,5600.000
1,246,367,0.367000,1853,2372,0.015000000,7066.667,5400.000
1,247,369,0.369000,1862,2384,0.016000000,6687.500,5125.000
1,250,372,0.372000,1884,2407,0.017000000,6941.176,5588.235
1,251,374,0.374000,1891,2419,0.017000000,7000.000,6000.000
1,252,376,0.376000,1898,2431,0.018000000,6555.556,5000.000
1,253,377,0.377000,1908,2443,0.017000000,6941.176,5411.765
1,254,379,0.379000,1920,2454,0.017000000,6882.353,5529.412
1,255,381,0.381000,1929,2466,0.017000000,6941.176,5470.588
1,256,382,0.382000,1936,2478,0.017000000,6941.176,5294.118
1,257,384,0.384000,1944,2490,0.017000000,6941.176,5352.941
1,258,386,0.386000,1944,2500,0.017000000,6823.529,4823.529
1,260,388,0.388000,1966,2514,0.016000000,6687.500,5125.000
1,261,389,0.389000,1974,2526,0.015000000,7133.333,5533.333
1,262,391,0.391000,1982,2537,0.015000000,7066.667,5600.000
1,263,393,0.393000,1993,2549,0.016000000,6625.000,5312.500
1,264,394,0.394000,2002,2561,0.015000000,7133.333,5466.667
1,265,396,0.396000,2011,2573,0.015000000,7133.333,5466.667
1,266,398,0.398000,2019,2585,0.016000000,6687.500,5187.500
1,269,401,0.401000,2040,2609,0.017000000,7000.000,5647.059
1,270,403,0.403000,2046,2620,0.017000000,7058.824,6000.000
1,271,405,0.405000,2055,2632,0.017000000,6941.176,5235.294
1,272,406,0.406000,2066,2644,0.017000000,6941.176,5411.765
1,273,408,0.408000,2078,2656,0.017000000,7000.000,5647.059
1,274,410,0.410000,2086,2668,0.017000000,7000.000,5470.588
1,275,412,0.412000,2092,2679,0.018000000,6555.556,5000.000
1,276,413,0.413000,2102,2691,0.017000000,6941.176,5352.941
1,277,415,0.415000,2102,2700,0.017000000,6764.706,4882.353
1,279,417,0.417000,2123,2715,0.016000000,6625.000,5187.500
1,280,418,0.418000,2130,2727,0.015000000,7133.333,5600.000
1,281,420,0.420000,2139,2739,0.015000000,7133.333,5600.000
1,282,422,0.422000,2149,2750,0.016000000,6625.000,5187.500
1,283,424,0.424000,2160,2762,0.016000000,6625.000,5125.000
1,284,425,0.425000,2168,2774,0.015000000,7066.667,5466.667
1,285,427,0.427000,2176,2786,0.015000000,7133.333,5600.000
1,288,430,0.430000,2196,2809,0.017000000,6941.176,5529.412
1,289,432,0.432000,2204,2821,0.017000000,7117.647,6000.000
1,290,434,0.434000,2213,2833,0.017000000,6941.176,5294.118
1,291,436,0.436000,2224,2845,0.018000000,6555.556,5222.222
1,292,437,0.437000,2234,2857,0.017000000,6941.176,5588.235
1,293,439,0.439000,2242,2869,0.017000000,7000.000,5470.588
1,294,441,0.441000,2248,2880,0.017000000,6941.176,5176.471
1,295,442,0.442000,2259,2892,0.017000000,6941.176,5352.941
1,296,444,0.444000,2259,2900,0.017000000,6705.882,4882.353
1,298,446,0.446000,2280,2916,0.016000000,6687.500,5250.000
1,299,448,0.448000,2286,2928,0.016000000,6687.500,5125.000
1,300,449,0.449000,2296,2940,0.015000000,7133.333,5533.333
1,301,451,0.451000,2306,2952,0.015000000,7133.333,5466.667
1,302,453,0.453000,2317,2963,0.016000000,6625.000,5187.500
1,303,454,0.454000,2326,2975,0.015000000,7066.667,5600.000
1,304,456,0.456000,2334,2987,0.015000000,7133.333,5733.333
1,307,460,0.460000,2353,3011,0.018000000,6611.111,5222.222
1,308,461,0.461000,2362,3022,0.017000000,7176.471,6058.824
1,309,463,0.463000,2370,3034,0.017000000,6941.176,5294.118
1,310,465,0.465000,2381,3046,0.017000000,6941.176,5588.235
1,311,466,0.466000,2391,3058,0.017000000,6941.176,5588.235
1,312,468,0.468000,2398,3070,0.017000000,6941.176,5411.765
1,313,470,0.470000,2406,3081,0.017000000,6941.176,5235.294
1,314,472,0.472000,2418,3093,0.018000000,6555.556,5111.111
1,315,473,0.473000,2418,3100,0.017000000,6647.059,4941.176
1,317,475,0.475000,2436,3117,0.015000000,7066.667,5533.333
1,318,477,0.477000,2443,3129,0.016000000,6687.500,5062.500
1,319,479,0.479000,2453,3141,0.016000000,6687.500,5187.500
1,320,480,0.480000,2465,3153,0.015000000,7133.333,5600.000
1,321,482,0.482000,2475,3164,0.016000000,6625.000,5250.000
1,322,484,0.484000,2482,3176,0.016000000,6625.000,5250.000
1,323,485,0.485000,2490,3188,0.015000000,7133.333,5600.000
1,324,487,0.487000,2490,3200,0.015000000,7133.333,4800.000
1,326,489,0.489000,2511,3212,0.016000000,7000.000,5812.500
1,327,491,0.491000,2520,3224,0.016000000,6687.500,5250.000
1,328,492,0.492000,2528,3236,0.015000000,7133.333,5666.667
1,329,494,0.494000,2538,3247,0.015000000,7066.667,5666.667
1,330,496,0.496000,2547,3259,0.016000000,6625.000,5125.000
1,331,497,0.497000,2556,3271,0.015000000,7133.333,5400.000
1,332,499,0.499000,2565,3283,0.015000000,7133.333,5533.333
1,333,501,0.501000,2575,3295,0.016000000,6687.500,5312.500
1,334,502,0.502000,2575,3300,0.015000000,6666.667,5666.667
1,335,503,0.503000,2586,3307,0.014000000,6785.714,5357.143
1,336,504,0.504000,2592,3318,0.013000000,7230.769,5538.462
1,337,506,0.506000,2600,3330,0.014000000,6714.286,5142.857
1,338,508,0.508000,2611,3342,0.014000000,6785.714,5214.286
1,339,509,0.509000,2623,3354,0.013000000,7307.692,5846.154
1,340,511,0.511000,2632,3366,0.014000000,6785.714,5428.571
1,341,513,0.513000,2639,3377,0.014000000,6714.286,5285.714
1,342,515,0.515000,2646,3389,0.014000000,6714.286,5071.429
1,343,516,0.516000,2646,3400,0.014000000,7142.857,5071.429
1,345,518,0.518000,2668,3413,0.015000000,7066.667,5466.667
1,346,520,0.520000,2676,3425,0.016000000,6687.500,5250.000
1,347,521,0.521000,2685,3437,0.015000000,7133.333,5666.667
1,348,523,0.523000,2694,3448,0.015000000,7066.667,5533.333
1,349,525,0.525000,2704,3460,0.016000000,6625.000,5062.500
1,350,527,0.527000,2713,3472,0.016000000,6625.000,5062.500
1,351,528,0.528000,2722,3484,0.015000000,7133.333,5533.333
1,354,532,0.532000,2742,3508,0.017000000,7000.000,5647.059
1,355,533,0.533000,2748,3519,0.017000000,7000.000,6000.000
1,356,535,0.535000,2758,3531,0.017000000,6941.176,5294.118
1,357,537,0.537000,2769,3543,0.017000000,6941.176,5470.588
1,358,539,0.539000,2780,3555,0.018000000,6555.556,5277.778
1,359,540,0.540000,2788,3567,0.017000000,7000.000,5529.412
1,360,542,0.542000,2795,3578,0.017000000,6941.176,5352.941
1,361,544,0.544000,2804,3590,0.017000000,6941.176,5352.941
1,362,545,0.545000,2804,3600,0.017000000,6823.529,4823.529
1,364,547,0.547000,2826,3614,0.015000000,7066.667,5600.000
1,365,549,0.549000,2834,3626,0.016000000,6687.500,5375.000
1,366,551,0.551000,2842,3638,0.016000000,6687.500,5250.000
1,367,552,0.552000,2852,3649,0.015000000,7066.667,5533.333
1,368,554,0.554000,2862,3661,0.015000000,7066.667,5466.667
1,369,556,0.556000,2870,3673,0.016000000,6625.000,5125.000
1,370,557,0.557000,2880,3685,0.015000000,7133.333,5666.667
1,373,561,0.561000,2899,3708,0.017000000,6941.176,5588.235
1,374,563,0.563000,2906,3720,0.018000000,6666.667,5666.667
1,375,564,0.564000,2915,3732,0.017000000,6941.176,5235.294
1,376,566,0.566000,2926,3744,0.017000000,6941.176,5411.765
1,377,568,0.568000,2937,3756,0.017000000,6941.176,5588.235
1,378,569,0.569000,2945,3767,0.017000000,6941.176,5470.588
1,379,571,0.571000,2952,3779,0.017000000,6941.176,5294.118
1,380,573,0.573000,2962,3791,0.017000000,6941.176,5411.765
1,381,574,0.574000,2962,3800,0.017000000,6764.706,4823.529
1,382,575,0.575000,2974,3803,0.014000000,6785.714,5357.143
1,383,576,0.576000,2983,3815,0.013000000,7307.692,5923.077
1,384,578,0.578000,2990,3827,0.014000000,6785.714,5357.143
1,385,580,0.580000,2998,3839,0.014000000,6785.714,5142.857
1,386,581,0.581000,3008,3851,0.013000000,7307.692,5461.538
1,387,583,0.583000,3019,3862,0.014000000,6785.714,5285.714
1,388,585,0.585000,3028,3874,0.014000000,6785.714,5428.571
1,389,587,0.587000,3038,3886,0.014000000,6785.714,5428.571
1,392,590,0.590000,3055,3910,0.016000000,6875.000,5812.500
1,393,592,0.592000,3064,3921,0.017000000,6941.176,5294.118
1,394,593,0.593000,3073,3933,0.017000000,6941.176,5294.118
1,395,595,0.595000,3084,3945,0.017000000,6941.176,5529.412
1,396,597,0.597000,3094,3957,0.017000000,6941.176,5647.059
1,397,599,0.599000,3100,3969,0.018000000,6555.556,5111.111
1,398,600,0.600000,3109,3980,0.017000000,6941.176,5294.118
1,399,602,0.602000,3119,3992,0.017000000,6941.176,5352.941
1,400,603,0.603000,3119,4000,0.016000000,7125.000,5062.500
1,401,604,0.604000,3132,4004,0.014000000,6714.286,5500.000
1,402,605,0.605000,3140,4016,0.013000000,7307.692,5846.154
1,403,607,0.607000,3146,4028,0.014000000,6785.714,5214.286
1,404,609,0.609000,3155,4040,0.014000000,6785.714,5071.429
1,405,611,0.611000,3166,4051,0.014000000,6714.286,5142.857
1,406,612,0.612000,3178,4063,0.013000000,7230.769,6000.000
1,407,614,0.614000,3186,4075,0.014000000,6785.714,5500.000
1,408,616,0.616000,3193,4087,0.014000000,6785.714,5285.714
1,411,619,0.619000,3213,4111,0.016000000,6937.500,5875.000
1,412,621,0.621000,3222,4123,0.017000000,7000.000,5294.118
1,413,623,0.623000,3231,4134,0.018000000,6555.556,5055.556
1,414,624,0.624000,3240,4146,0.017000000,6941.176,5529.412
1,415,626,0.626000,3249,4158,0.017000000,6941.176,5529.412
1,416,628,0.628000,3258,4170,0.017000000,7000.000,5411.765
1,417,629,0.629000,3268,4181,0.017000000,6941.176,5294.118
1,418,631,0.631000,3278,4193,0.017000000,6941.176,5411.765
1,419,632,0.632000,3278,4200,0.016000000,7062.500,5312.500
1,420,633,0.633000,3288,4205,0.014000000,6714.286,5357.143
1,421,635,0.635000,3296,4217,0.014000000,6714.286,5285.714
1,422,636,0.636000,3304,4229,0.013000000,7307.692,5615.385
1,423,638,0.638000,3314,4241,0.014000000,6785.714,5285.714
1,424,640,0.640000,3325,4253,0.014000000,6785.714,5428.571
1,425,641,0.641000,3334,4264,0.013000000,7230.769,5846.154
1,426,643,0.643000,3342,4276,0.014000000,6785.714,5285.714
1,427,645,0.645000,3350,4288,0.014000000,6785.714,5142.857
1,428,647,0.647000,3350,4300,0.015000000,6666.667,4800.000
1,430,648,0.648000,3372,4312,0.015000000,7133.333,5600.000
1,431,650,0.650000,3380,4324,0.015000000,7133.333,5600.000
1,432,652,0.652000,3388,4336,0.016000000,6687.500,5250.000
1,433,653,0.653000,3397,4347,0.015000000,7066.667,5533.333
1,434,655,0.655000,3408,4359,0.015000000,7066.667,5533.333
1,435,657,0.657000,3416,4371,0.016000000,6687.500,5125.000
1,436,659,0.659000,3425,4383,0.016000000,6687.500,5187.500
1,437,660,0.660000,3434,4394,0.015000000,7066.667,5600.000
1,438,661,0.661000,3434,4400,0.014000000,7142.857,6000.000
1,439,662,0.662000,3444,4406,0.014000000,6714.286,5142.857
1,440,664,0.664000,3452,4418,0.014000000,6714.286,5142.857
1,441,665,0.665000,3460,4430,0.013000000,7230.769,5538.462
1,442,667,0.667000,3470,4442,0.014000000,6785.714,5214.286
1,443,669,0.669000,3482,4454,0.014000000,6785.714,5285.714
1,444,671,0.671000,3490,4466,0.014000000,6785.714,5285.714
1,445,672,0.672000,3496,4477,0.013000000,7230.769,5461.538
1,446,674,0.674000,3506,4489,0.014000000,6785.714,5142.857
1,447,676,0.676000,3506,4500,0.015000000,6666.667,4800.000
1,449,677,0.677000,3528,4513,0.015000000,7133.333,5600.000
1,450,679,0.679000,3535,4525,0.015000000,7133.333,5533.333
1,451,681,0.681000,3542,4537,0.016000000,6687.500,5125.000
1,452,683,0.683000,3552,4548,0.016000000,6625.000,5125.000
1,453,684,0.684000,3563,4560,0.015000000,7066.667,5400.000
1,454,686,0.686000,3572,4572,0.015000000,7066.667,5466.667
1,455,688,0.688000,3582,4584,0.016000000,6687.500,5375.000
1,458,691,0.691000,3600,4608,0.017000000,7000.000,5529.412
1,459,693,0.693000,3608,4619,0.017000000,7000.000,6000.000
1,460,695,0.695000,3618,4631,0.018000000,6555.556,5000.000
1,461,696,0.696000,3628,4643,0.017000000,6941.176,5470.588
1,462,698,0.698000,3638,4655,0.017000000,6941.176,5647.059
1,463,700,0.700000,3646,4667,0.017000000,7000.000,5529.412
1,464,701,0.701000,3654,4678,0.017000000,6941.176,5352.941
1,465,703,0.703000,3664,4690,0.017000000,6941.176,5411.765
1,466,705,0.705000,3664,4700,0.017000000,6823.529,4823.529
1,468,707,0.707000,3684,4714,0.016000000,6625.000,5250.000
1,469,708,0.708000,3692,4726,0.015000000,7133.333,5600.000
1,470,710,0.710000,3700,4738,0.015000000,7133.333,5466.667
1,471,712,0.712000,3710,4750,0.016000000,6687.500,5125.000
1,472,714,0.714000,3721,4761,0.016000000,6625.000,5187.500
1,473,715,0.715000,3731,4773,0.015000000,7066.667,5666.667
1,474,717,0.717000,3739,4785,0.016000000,6687.500,5312.500
1,477,720,0.720000,3758,4809,0.017000000,7000.000,5529.412
1,478,722,0.722000,3766,4821,0.017000000,7117.647,6000.000
1,479,724,0.724000,3776,4832,0.017000000,6941.176,5411.765
1,480,726,0.726000,3786,4844,0.018000000,6555.556,5222.222
1,481,727,0.727000,3794,4856,0.017000000,6941.176,5529.412
1,482,729,0.729000,3802,4868,0.017000000,6941.176,5411.765
1,483,731,0.731000,3812,4880,0.017000000,7000.000,5352.941
1,484,732,0.732000,3822,4891,0.017000000,6941.176,5352.941
1,485,734,0.734000,3822,4900,0.017000000,6764.706,4882.353
1,487,736,0.736000,3842,4915,0.016000000,6625.000,5250.000
1,488,738,0.738000,3847,4927,0.016000000,6625.000,5062.500
1,489,739,0.739000,3856,4939,0.015000000,7133.333,5333.333
1,490,741,0.741000,3868,4951,0.015000000,7133.333,5466.667
1,491,743,0.743000,3880,4962,0.016000000,6625.000,5375.000
1,492,744,0.744000,3888,4974,0.015000000,7066.667,5733.333
1,493,746,0.746000,3894,4986,0.015000000,7066.667,5466.667
1,496,750,0.750000,3914,5010,0.018000000,6611.111,5111.111
1,497,751,0.751000,3924,5022,0.017000000,7176.471,6000.000
1,498,753,0.753000,3933,5033,0.017000000,6941.176,5352.941
1,499,755,0.755000,3940,5045,0.017000000,6941.176,5470.588
1,500,756,0.756000,3948,5057,0.017000000,6941.176,5411.765
1,501,758,0.758000,3960,5069,0.017000000,6941.176,5411.765
1,502,760,0.760000,3970,5081,0.017000000,7000.000,5294.118
1,503,762,0.762000,3980,5093,0.018000000,6611.111,5111.111
1,504,763,0.763000,3980,5100,0.017000000,6705.882,5058.824
1,506,765,0.765000,3994,5117,0.015000000,7133.333,5333.333
1,507,767,0.767000,4004,5128,0.016000000,6625.000,5000.000
1,508,768,0.768000,4016,5140,0.015000000,7133.333,5533.333
1,509,770,0.770000,4027,5152,0.015000000,7133.333,5800.000
1,510,772,0.772000,4034,5164,0.016000000,6687.500,5375.000
1,511,774,0.774000,4040,5175,0.016000000,6625.000,5000.000
1,512,775,0.775000,4049,5187,0.015000000,7066.667,5266.667
1,515,779,0.779000,4073,5211,0.017000000,6941.176,5470.588
1,516,780,0.780000,4080,5223,0.017000000,7235.294,5882.353
1,517,782,0.782000,4086,5235,0.017000000,6941.176,5411.765
1,518,784,0.784000,4096,5246,0.017000000,6941.176,5411.765
1,519,786,0.786000,4107,5258,0.018000000,6555.556,5055.556
1,520,787,0.787000,4118,5270,0.017000000,6941.176,5352.941
1,521,789,0.789000,4126,5282,0.017000000,6941.176,5411.765
1,522,791,0.791000,4134,5293,0.017000000,6941.176,5529.412
1,523,792,0.792000,4134,5300,0.017000000,6647.059,5000.000
1,525,794,0.794000,4152,5317,0.015000000,7066.667,5266.667
1,526,796,0.796000,4163,5329,0.016000000,6625.000,5187.500
1,527,798,0.798000,4173,5341,0.016000000,6625.000,5437.500
1,528,799,0.799000,4182,5353,0.015000000,7133.333,5733.333
1,529,801,0.801000,4189,5365,0.015000000,7133.333,5466.667
1,530,803,0.803000,4197,5376,0.016000000,6625.000,4937.500
1,531,804,0.804000,4208,5388,0.015000000,7066.667,5466.667
1,532,806,0.806000,4208,5400,0.015000000,7133.333,4933.333
1,534,808,0.808000,4229,5412,0.016000000,7000.000,5937.500
1,535,810,0.810000,4235,5424,0.016000000,6687.500,5187.500
1,536,811,0.811000,4242,5436,0.015000000,7133.333,5266.667
1,537,813,0.813000,4254,5448,0.015000000,7133.333,5400.000
1,538,815,0.815000,4267,5460,0.016000000,6687.500,5312.500
1,539,816,0.816000,4276,5471,0.015000000,7066.667,5800.000
1,540,818,0.818000,4282,5483,0.015000000,7133.333,5666.667
1,541,820,0.820000,4290,5495,0.016000000,6687.500,5125.000
1,542,821,0.821000,4290,5500,0.015000000,6666.667,5466.667
1,543,822,0.822000,4301,5507,0.014000000,6785.714,5142.857
1,544,823,0.823000,4313,5519,0.013000000,7307.692,6000.000
1,545,825,0.825000,4322,5530,0.014000000,6714.286,5714.286
1,546,827,0.827000,4330,5542,0.014000000,6714.286,5428.571
1,547,828,0.828000,4337,5554,0.013000000,7230.769,5384.615
1,548,830,0.830000,4346,5566,0.014000000,6785.714,5000.000
1,549,832,0.832000,4358,5578,0.014000000,6785.714,5428.571
1,550,834,0.834000,4368,5589,0.014000000,6714.286,5571.429
1,551,835,0.835000,4368,5600,0.014000000,7142.857,5571.429
1,553,837,0.837000,4384,5613,0.015000000,7066.667,5533.333
1,554,839,0.839000,4392,5625,0.016000000,6625.000,4937.500
1,555,840,0.840000,4402,5637,0.015000000,7133.333,5333.333
1,556,842,0.842000,4416,5649,0.015000000,7133.333,5733.333
1,557,844,0.844000,4425,5661,0.016000000,6687.500,5500.000
1,558,846,0.846000,4431,5672,0.016000000,6625.000,5312.500
1,559,847,0.847000,4438,5684,0.015000000,7066.667,5333.333
1,562,851,0.851000,4462,5708,0.017000000,7000.000,5529.412
1,563,852,0.852000,4470,5720,0.017000000,7058.824,6000.000
1,564,854,0.854000,4478,5732,0.017000000,7000.000,5529.412
1,565,856,0.856000,4486,5743,0.017000000,6941.176,5529.412
1,566,858,0.858000,4495,5755,0.018000000,6555.556,5166.667
1,567,859,0.859000,4506,5767,0.017000000,6941.176,5294.118
1,568,861,0.861000,4516,5779,0.017000000,6941.176,5352.941
1,569,863,0.863000,4526,5791,0.017000000,7000.000,5588.235
1,570,864,0.864000,4526,5800,0.017000000,6823.529,5176.471
1,571,865,0.865000,4535,5803,0.014000000,6785.714,5214.286
1,572,866,0.866000,4542,5815,0.014000000,6785.714,5142.857
1,573,868,0.868000,4550,5826,0.014000000,6714.286,5142.857
1,574,870,0.870000,4562,5838,0.014000000,6785.714,5428.571
1,575,871,0.871000,4574,5850,0.013000000,7307.692,6076.923
1,576,873,0.873000,4582,5862,0.014000000,6785.714,5428.571
1,577,875,0.875000,4588,5873,0.014000000,6714.286,5142.857
1,578,876,0.876000,4596,5885,0.013000000,7230.769,5384.615
1,581,880,0.880000,4622,5909,0.016000000,6812.500,6000.000
1,582,882,0.882000,4628,5921,0.017000000,6941.176,5470.588
1,583,883,0.883000,4634,5933,0.017000000,6941.176,5411.765
1,584,885,0.885000,4642,5944,0.017000000,6941.176,5411.765
1,585,887,0.887000,4654,5956,0.017000000,6941.176,5411.765
1,586,888,0.888000,4666,5968,0.017000000,6941.176,5411.765
1,587,890,0.890000,4675,5980,0.017000000,6941.176,5470.588
1,588,892,0.892000,4682,5992,0.017000000,7000.000,5529.412
1,589,893,0.893000,4682,6000,0.017000000,6764.706,5058.824
1,590,894,0.894000,4691,6004,0.014000000,6785.714,4928.571
1,591,895,0.895000,4699,6016,0.013000000,7307.692,5461.538
1,592,897,0.897000,4710,6027,0.014000000,6714.286,5428.571
1,593,899,0.899000,4721,6039,0.014000000,6785.714,5642.857
1,594,901,0.901000,4730,6051,0.014000000,6785.714,5428.571
1,595,902,0.902000,4738,6063,0.014000000,6785.714,5142.857
1,596,904,0.904000,4744,6075,0.014000000,6785.714,4928.571
1,597,906,0.906000,4754,6087,0.014000000,6785.714,5142.857
1,600,909,0.909000,4778,6110,0.016000000,6875.000,6000.000
1,601,911,0.911000,4783,6122,0.017000000,6941.176,5411.765
1,602,913,0.913000,4790,6134,0.018000000,6555.556,5055.556
1,603,914,0.914000,4800,6146,0.017000000,7000.000,5294.118
1,604,916,0.916000,4814,6157,0.017000000,6941.176,5470.588
1,605,918,0.918000,4824,6169,0.017000000,6941.176,5529.412
1,606,919,0.919000,4831,6181,0.017000000,6941.176,5470.588
1,607,921,0.921000,4838,6193,0.017000000,6941.176,5529.412
1,608,922,0.922000,4838,6200,0.016000000,7062.500,5250.000
1,609,923,0.923000,4848,6205,0.014000000,6785.714,5000.000
1,610,925,0.925000,4858,6217,0.014000000,6785.714,5357.143
1,611,926,0.926000,4868,6229,0.013000000,7307.692,6000.000
1,612,928,0.928000,4878,6240,0.014000000,6714.286,5571.429
1,613,930,0.930000,4886,6252,0.014000000,6785.714,5142.857
1,614,931,0.931000,4893,6264,0.013000000,7307.692,5307.692
1,615,933,0.933000,4902,6276,0.014000000,6785.714,5071.429
1,616,935,0.935000,4914,6287,0.014000000,6714.286,5428.571
1,618,937,0.937000,4926,6300,0.015000000,6666.667,5866.667
1,619,938,0.938000,4934,6311,0.015000000,7066.667,5733.333
1,620,940,0.940000,4938,6323,0.015000000,7066.667,5333.333
1,621,942,0.942000,4946,6335,0.016000000,6625.000,4875.000
1,622,943,0.943000,4960,6347,0.015000000,7133.333,5466.667
1,623,945,0.945000,4972,6359,0.015000000,7133.333,5733.333
1,624,947,0.947000,4980,6371,0.016000000,6687.500,5437.500
1,625,949,0.949000,4986,6382,0.016000000,6625.000,5250.000
1,626,950,0.950000,4994,6394,0.015000000,7133.333,5333.333
1,627,951,0.951000,4994,6400,0.014000000,7142.857,4857.143
1,628,952,0.952000,5006,6406,0.014000000,6785.714,5142.857
1,629,954,0.954000,5017,6418,0.014000000,6785.714,5642.857
1,630,955,0.955000,5026,6430,0.013000000,7307.692,6153.846
1,631,957,0.957000,5034,6441,0.014000000,6714.286,5285.714
1,632,959,0.959000,5042,6453,0.014000000,6714.286,5000.000
1,633,961,0.961000,5050,6465,0.014000000,6714.286,5000.000
1,634,962,0.962000,5061,6477,0.013000000,7307.692,5769.231
1,635,964,0.964000,5072,6489,0.014000000,6785.714,5571.429
1,636,966,0.966000,5072,6500,0.015000000,6666.667,5200.000
1,638,967,0.967000,5089,6513,0.015000000,7133.333,5533.333
1,639,969,0.969000,5094,6524,0.015000000,7066.667,5133.333
1,640,971,0.971000,5105,6536,0.016000000,6625.000,4937.500
1,641,973,0.973000,5118,6548,0.016000000,6687.500,5250.000
1,642,974,0.974000,5130,6560,0.015000000,7133.333,5866.667
1,643,976,0.976000,5136,6571,0.015000000,7066.667,5733.333
1,644,978,0.978000,5142,6583,0.016000000,6625.000,5062.500
1,645,979,0.979000,5150,6595,0.015000000,7066.667,5200.000
1,646,980,0.980000,5150,6600,0.014000000,7142.857,5571.429
1,647,981,0.981000,5165,6607,0.014000000,6714.286,5428.571
1,648,983,0.983000,5175,6619,0.014000000,6785.714,5785.714
1,649,985,0.985000,5182,6630,0.014000000,6714.286,5500.000
1,650,986,0.986000,5190,6642,0.013000000,7230.769,5538.462
1,651,988,0.988000,5198,6654,0.014000000,6714.286,4857.143
1,652,990,0.990000,5209,6666,0.014000000,6785.714,5214.286
1,653,991,0.991000,5220,6678,0.013000000,7307.692,6000.000
1,654,993,0.993000,5230,6690,0.014000000,6785.714,5714.286
1,655,995,0.995000,5230,6700,0.015000000,6666.667,5333.333
1,657,997,0.997000,5244,6714,0.016000000,6687.500,4937.500
1,658,998,0.998000,5252,6725,0.015000000,7066.667,5133.333
1,659,1000,1.000000,5264,6737,0.015000000,7133.333,5466.667
1,660,1002,1.002000,5278,6749,0.016000000,6687.500,5500.000
1,661,1003,1.003000,5286,6761,0.015000000,7133.333,5866.667
1,662,1005,1.005000,5291,6773,0.015000000,7133.333,5466.667
1,663,1007,1.007000,5298,6785,0.016000000,6687.500,4875.000
1,666,1010,1.010000,5325,6809,0.017000000,7000.000,5588.235
1,667,1012,1.012000,5332,6821,0.017000000,7117.647,6000.000
1,668,1014,1.014000,5338,6833,0.017000000,7000.000,5529.412
1,669,1016,1.016000,5346,6845,0.018000000,6666.667,5222.222
1,670,1017,1.017000,5358,6857,0.017000000,7058.824,5529.412
1,671,1019,1.019000,5369,6869,0.017000000,7058.824,5352.941
1,672,1021,1.021000,5379,6881,0.018000000,6666.667,5166.667
1,673,1023,1.023000,5387,6893,0.018000000,6666.667,5333.333
1,674,1024,1.024000,5387,6900,0.017000000,6764.706,5235.294
1,676,1026,1.026000,5402,6917,0.016000000,6750.000,4812.500
1,677,1028,1.028000,5414,6929,0.016000000,6750.000,5125.000
1,678,1030,1.030000,5426,6941,0.016000000,6750.000,5500.000
1,679,1031,1.031000,5436,6953,0.015000000,7200.000,6000.000
1,680,1033,1.033000,5442,6965,0.016000000,6750.000,5250.000
1,681,1035,1.035000,5447,6977,0.016000000,6750.000,4875.000
1,682,1036,1.036000,5460,6989,0.015000000,7200.000,5400.000
1,683,1038,1.038000,5460,7000,0.015000000,7133.333,4866.667
1,685,1040,1.040000,5484,7013,0.016000000,7062.500,6062.500
1,686,1042,1.042000,5488,7025,0.016000000,6750.000,5375.000
1,687,1043,1.043000,5494,7037,0.015000000,7200.000,5333.333
1,688,1045,1.045000,5506,7049,0.015000000,7200.000,5333.333
1,689,1047,1.047000,5520,7061,0.016000000,6750.000,5250.000
1,690,1049,1.049000,5530,7073,0.016000000,6750.000,5500.000
1,691,1050,1.050000,5536,7085,0.015000000,7200.000,5933.333
1,694,1054,1.054000,5554,7109,0.018000000,6666.667,5222.222
1,695,1056,1.056000,5565,7121,0.018000000,6722.222,5833.333
1,696,1057,1.057000,5575,7133,0.017000000,7058.824,5352.941
1,697,1059,1.059000,5585,7145,0.017000000,7058.824,5705.882
1,698,1061,1.061000,5592,7157,0.018000000,6666.667,5444.444
1,699,1063,1.063000,5599,7169,0.018000000,6666.667,5166.667
1,700,1064,1.064000,5610,7181,0.017000000,7058.824,5294.118
1,701,1066,1.066000,5622,7193,0.017000000,7058.824,5411.765
1,702,1067,1.067000,5622,7200,0.017000000,6764.706,5058.824
1,703,1068,1.068000,5634,7205,0.014000000,6857.143,5714.286
1,704,1070,1.070000,5640,7217,0.014000000,6857.143,5357.143
1,705,1071,1.071000,5644,7229,0.014000000,6857.143,4928.571
1,706,1073,1.073000,5656,7241,0.014000000,6857.143,5071.429
1,707,1075,1.075000,5670,7253,0.014000000,6857.143,5571.429
1,708,1077,1.077000,5680,7265,0.014000000,6857.143,5785.714
1,709,1078,1.078000,5687,7277,0.014000000,6857.143,5500.000
1,710,1080,1.080000,5692,7289,0.014000000,6857.143,5000.000
1,711,1082,1.082000,5692,7300,0.015000000,6666.667,4666.667
1,713,1083,1.083000,5716,7313,0.015000000,7200.000,5466.667
1,714,1085,1.085000,5725,7325,0.015000000,7200.000,5666.667
1,715,1087,1.087000,5734,7337,0.016000000,6750.000,5625.000
1,716,1089,1.089000,5742,7349,0.016000000,6750.000,5375.000
1,717,1090,1.090000,5750,7361,0.015000000,7200.000,5333.333
1,718,1092,1.092000,5760,7373,0.015000000,7200.000,5333.333
1,719,1094,1.094000,5771,7385,0.016000000,6750.000,5250.000
1,722,1097,1.097000,5791,7409,0.017000000,7058.824,5823.529
1,723,1099,1.099000,5796,7421,0.017000000,7117.647,6117.647
1,724,1101,1.101000,5805,7433,0.018000000,6666.667,4944.444
1,725,1103,1.103000,5818,7445,0.018000000,6666.667,5166.667
1,726,1104,1.104000,5830,7457,0.017000000,7058.824,5647.059
1,727,1106,1.106000,5838,7469,0.017000000,7058.824,5647.059
1,728,1108,1.108000,5843,7481,0.018000000,6666.667,5166.667
1,729,1110,1.110000,5852,7493,0.018000000,6666.667,5111.111
1,730,1111,1.111000,5852,7500,0.017000000,6764.706,4764.706
1,732,1113,1.113000,5876,7517,0.016000000,6750.000,5312.500
1,733,1115,1.115000,5883,7529,0.016000000,6750.000,5437.500
1,734,1117,1.117000,5892,7541,0.016000000,6750.000,5437.500
1,735,1118,1.118000,5901,7553,0.015000000,7200.000,5533.333
1,736,1120,1.120000,5911,7565,0.016000000,6750.000,5062.500
1,737,1122,1.122000,5920,7577,0.016000000,6750.000,5125.000
1,738,1123,1.123000,5931,7589,0.015000000,7200.000,5866.667
1,739,1125,1.125000,5931,7600,0.015000000,7133.333,5266.667
1,741,1127,1.127000,5948,7613,0.016000000,7062.500,6000.000
1,742,1129,1.129000,5955,7625,0.016000000,6750.000,4937.500
1,743,1130,1.130000,5966,7637,0.015000000,7200.000,5533.333
1,744,1132,1.132000,5979,7649,0.015000000,7200.000,5800.000
1,745,1134,1.134000,5989,7661,0.016000000,6750.000,5500.000
1,746,1136,1.136000,5994,7673,0.016000000,6750.000,5187.500
1,747,1137,1.137000,6002,7685,0.015000000,7200.000,5466.667
1,750,1141,1.141000,6026,7709,0.018000000,6666.667,5277.778
1,751,1143,1.143000,6034,7721,0.018000000,6722.222,5722.222
1,752,1144,1.144000,6041,7733,0.017000000,7058.824,5470.588
1,753,1146,1.146000,6050,7745,0.017000000,7058.824,5588.235
1,754,1148,1.148000,6061,7757,0.018000000,6666.667,5277.778
1,755,1150,1.150000,6071,7769,0.018000000,6666.667,5111.111
1,756,1151,1.151000,6080,7781,0.017000000,7058.824,5352.941
1,757,1153,1.153000,6090,7793,0.017000000,7058.824,5647.059
1,758,1154,1.154000,6090,7800,0.017000000,6764.706,5176.471
1,759,1155,1.155000,6099,7805,0.014000000,6857.143,5214.286
1,760,1157,1.157000,6106,7817,0.014000000,6857.143,5142.857
1,761,1158,1.158000,6116,7829,0.014000000,6857.143,5357.143
1,762,1160,1.160000,6128,7841,0.014000000,6857.143,5571.429
1,763,1162,1.162000,6139,7853,0.014000000,6857.143,5571.429
1,764,1164,1.164000,6146,7865,0.014000000,6857.143,5357.143
1,765,1165,1.165000,6152,7877,0.014000000,6857.143,5142.857
1,766,1167,1.167000,6162,7889,0.014000000,6857.143,5142.857
1,767,1169,1.169000,6162,7900,0.015000000,6666.667,4800.000
1,769,1170,1.170000,6186,7913,0.015000000,7200.000,5800.000
1,770,1172,1.172000,6192,7925,0.015000000,7200.000,5733.333
1,771,1174,1.174000,6198,7937,0.016000000,6750.000,5125.000
1,772,1176,1.176000,6210,7949,0.016000000,6750.000,5125.000
1,773,1177,1.177000,6222,7961,0.015000000,7200.000,5533.333
1,774,1179,1.179000,6232,7973,0.015000000,7200.000,5733.333
1,775,1181,1.181000,6239,7985,0.016000000,6750.000,5437.500
1,778,1184,1.184000,6258,8009,0.017000000,7058.824,5647.059
1,779,1186,1.186000,6266,8021,0.017000000,7117.647,6117.647
1,780,1188,1.188000,6276,8033,0.018000000,6666.667,5000.000
1,781,1190,1.190000,6288,8045,0.018000000,6666.667,5333.333
1,782,1191,1.191000,6296,8057,0.017000000,7058.824,5764.706
1,783,1193,1.193000,6304,8069,0.017000000,7058.824,5529.412
1,784,1195,1.195000,6312,8081,0.018000000,6666.667,5000.000
1,785,1197,1.197000,6324,8093,0.018000000,6666.667,5111.111
1,786,1198,1.198000,6324,8100,0.017000000,6764.706,5000.000
1,788,1200,1.200000,6343,8117,0.016000000,6750.000,5312.500
1,789,1202,1.202000,6348,8129,0.016000000,6750.000,5125.000
1,790,1204,1.204000,6359,8141,0.016000000,6750.000,5187.500
1,791,1205,1.205000,6372,8153,0.015000000,7200.000,5600.000
1,792,1207,1.207000,6382,8165,0.016000000,6750.000,5375.000
1,793,1209,1.209000,6390,8177,0.016000000,6750.000,5375.000
1,794,1211,1.211000,6396,8189,0.016000000,6750.000,5250.000
1,795,1212,1.212000,6396,8200,0.015000000,7133.333,4800.000
1,797,1214,1.214000,6418,8213,0.016000000,7062.500,5875.000
1,798,1216,1.216000,6426,8225,0.016000000,6750.000,5187.500
1,799,1217,1.217000,6436,8237,0.015000000,7200.000,5866.667
1,800,1219,1.219000,6446,8249,0.015000000,7200.000,5800.000
1,801,1221,1.221000,6455,8261,0.016000000,6750.000,5187.500
1,802,1223,1.223000,6464,8273,0.016000000,6750.000,5125.000
1,803,1224,1.224000,6473,8285,0.015000000,7200.000,5533.333
1,806,1228,1.228000,6494,8309,0.017000000,7058.824,5764.706
1,807,1230,1.230000,6500,8321,0.018000000,6722.222,5777.778
1,808,1231,1.231000,6509,8333,0.017000000,7058.824,5352.941
1,809,1233,1.233000,6521,8345,0.017000000,7058.824,5588.235
1,810,1235,1.235000,6532,8357,0.018000000,6666.667,5333.333
1,811,1237,1.237000,6540,8369,0.018000000,6666.667,5222.222
1,812,1238,1.238000,6546,8381,0.017000000,7058.824,5352.941
1,813,1240,1.240000,6556,8393,0.017000000,7058.824,5411.765
1,814,1241,1.241000,6556,8400,0.017000000,6764.706,4882.353
1,815,1242,1.242000,6570,8405,0.014000000,6857.143,5428.571
1,816,1244,1.244000,6578,8417,0.014000000,6857.143,5571.429
1,817,1245,1.245000,6585,8429,0.014000000,6857.143,5428.571
1,818,1247,1.247000,6594,8441,0.014000000,6857.143,5214.286
1,819,1249,1.249000,6605,8453,0.014000000,6857.143,5214.286
1,820,1251,1.251000,6614,8465,0.014000000,6857.143,5285.714
1,821,1252,1.252000,6623,8477,0.014000000,6857.143,5500.000
1,822,1254,1.254000,6632,8489,0.014000000,6857.143,5428.571
1,823,1256,1.256000,6632,8500,0.015000000,6666.667,5066.667
1,825,1257,1.257000,6652,8513,0.015000000,7200.000,5466.667
1,826,1259,1.259000,6660,8525,0.015000000,7200.000,5466.667
1,827,1261,1.261000,6670,8537,0.016000000,6750.000,5312.500
1,828,1263,1.263000,6681,8549,0.016000000,6750.000,5437.500
1,829,1264,1.264000,6691,8561,0.015000000,7200.000,5733.333
1,830,1266,1.266000,6697,8573,0.015000000,7200.000,5533.333
1,831,1268,1.268000,6706,8585,0.016000000,6750.000,5187.500
1,834,1271,1.271000,6728,8609,0.017000000,7058.824,5647.059
1,835,1273,1.273000,6736,8621,0.017000000,7117.647,6117.647
1,836,1275,1.275000,6744,8633,0.018000000,6666.667,5111.111
1,837,1277,1.277000,6754,8645,0.018000000,6666.667,5222.222
1,838,1278,1.278000,6766,8657,0.017000000,7058.824,5647.059
1,839,1280,1.280000,6774,8669,0.017000000,7058.824,5470.588
1,840,1282,1.282000,6782,8681,0.018000000,6666.667,5055.556
1,841,1284,1.284000,6792,8693,0.018000000,6666.667,5277.778
1,842,1285,1.285000,6792,8700,0.017000000,6764.706,5058.824
1,844,1287,1.287000,6811,8717,0.016000000,6750.000,5187.500
1,845,1289,1.289000,6819,8729,0.016000000,6750.000,5187.500
1,846,1291,1.291000,6830,8741,0.016000000,6750.000,5375.000
1,847,1292,1.292000,6840,8753,0.015000000,7200.000,5733.333
1,848,1294,1.294000,6848,8765,0.016000000,6750.000,5125.000
1,849,1296,1.296000,6857,8777,0.016000000,6750.000,5187.500
1,850,1298,1.298000,6866,8789,0.016000000,6750.000,5250.000
1,851,1299,1.299000,6866,8800,0.015000000,7133.333,4933.333
1,853,1301,1.301000,6888,8813,0.016000000,7062.500,6000.000
1,854,1303,1.303000,6894,8825,0.016000000,6750.000,5187.500
1,855,1304,1.304000,6902,8837,0.015000000,7200.000,5533.333
1,856,1306,1.306000,6915,8849,0.015000000,7200.000,5666.667
1,857,1308,1.308000,6926,8861,0.016000000,6750.000,5375.000
1,858,1310,1.310000,6933,8873,0.016000000,6750.000,5312.500
1,859,1311,1.311000,6941,8885,0.015000000,7200.000,5600.000
1,862,1315,1.315000,6963,8909,0.017000000,7058.824,5705.882
1,863,1317,1.317000,6970,8921,0.018000000,6722.222,5777.778
1,864,1318,1.318000,6979,8933,0.017000000,7058.824,5352.941
1,865,1320,1.320000,6990,8945,0.017000000,7058.824,5647.059
1,866,1322,1.322000,6999,8957,0.018000000,6666.667,5388.889
1,867,1324,1.324000,7008,8969,0.018000000,6666.667,5166.667
1,868,1325,1.325000,7016,8981,0.017000000,7058.824,5294.118
1,869,1327,1.327000,7026,8993,0.017000000,7058.824,5470.588
1,870,1328,1.328000,7026,9000,0.017000000,6764.706,5000.000
1,871,1329,1.329000,7038,9005,0.014000000,6857.143,5357.143
1,872,1331,1.331000,7045,9017,0.014000000,6857.143,5357.143
1,873,1332,1.332000,7052,9029,0.014000000,6857.143,5214.286
1,874,1334,1.334000,7064,9041,0.014000000,6857.143,5285.714
1,875,1336,1.336000,7075,9053,0.014000000,6857.143,5428.571
1,876,1338,1.338000,7084,9065,0.014000000,6857.143,5428.571
1,877,1339,1.339000,7091,9077,0.014000000,6857.143,5357.143
1,878,1341,1.341000,7099,9089,0.014000000,6857.143,5214.286
1,879,1343,1.343000,7099,9100,0.015000000,6666.667,4866.667
1,881,1344,1.344000,7122,9113,0.015000000,7200.000,5600.000
1,882,1346,1.346000,7129,9125,0.015000000,7200.000,5600.000
1,883,1348,1.348000,7138,9137,0.016000000,6750.000,5375.000
1,884,1350,1.350000,7148,9149,0.016000000,6750.000,5250.000
1,885,1351,1.351000,7158,9161,0.015000000,7200.000,5533.333
1,886,1353,1.353000,7167,9173,0.015000000,7200.000,5533.333
1,887,1355,1.355000,7176,9185,0.016000000,6750.000,5312.500
1,890,1358,1.358000,7196,9209,0.017000000,7058.824,5705.882
1,891,1360,1.360000,7203,9221,0.017000000,7117.647,6117.647
1,892,1362,1.362000,7213,9233,0.018000000,6666.667,5055.556
1,893,1364,1.364000,7224,9245,0.018000000,6666.667,5277.778
1,894,1365,1.365000,7234,9257,0.017000000,7058.824,5647.059
1,895,1367,1.367000,7242,9269,0.017000000,7058.824,5529.412
1,896,1369,1.369000,7249,9281,0.018000000,6666.667,5055.556
1,897,1371,1.371000,7260,9293,0.018000000,6666.667,5166.667
1,898,1372,1.372000,7260,9300,0.017000000,6764.706,4941.176
1,900,1374,1.374000,7280,9317,0.016000000,6750.000,5250.000
1,901,1376,1.376000,7288,9329,0.016000000,6750.000,5312.500
1,902,1378,1.378000,7296,9341,0.016000000,6750.000,5187.500
1,903,1379,1.379000,7308,9353,0.015000000,7200.000,5600.000
1,904,1381,1.381000,7318,9365,0.016000000,6750.000,5250.000
1,905,1383,1.383000,7326,9377,0.016000000,6750.000,5250.000
1,906,1385,1.385000,7335,9389,0.016000000,6750.000,5375.000
1,907,1386,1.386000,7335,9400,0.015000000,7133.333,5000.000
1,909,1388,1.388000,7354,9413,0.016000000,7062.500,5875.000
1,910,1390,1.390000,7363,9425,0.016000000,6750.000,5187.500
1,911,1391,1.391000,7373,9437,0.015000000,7200.000,5666.667
1,912,1393,1.393000,7384,9449,0.015000000,7200.000,5866.667
1,913,1395,1.395000,7393,9461,0.016000000,6750.000,5312.500
1,914,1397,1.397000,7400,9473,0.016000000,6750.000,5125.000
1,915,1398,1.398000,7410,9485,0.015000000,7200.000,5600.000
1,918,1402,1.402000,7432,9509,0.017000000,7058.824,5705.882
1,919,1404,1.404000,7438,9521,0.018000000,6722.222,5722.222
1,920,1405,1.405000,7446,9533,0.017000000,7058.824,5411.765
1,921,1407,1.407000,7457,9545,0.017000000,7058.824,5529.412
1,922,1409,1.409000,7469,9557,0.018000000,6666.667,5333.333
1,923,1411,1.411000,7478,9569,0.018000000,6666.667,5222.222
1,924,1412,1.412000,7486,9581,0.017000000,7058.824,5470.588
1,925,1414,1.414000,7494,9593,0.017000000,7058.824,5529.412
1,926,1415,1.415000,7494,9600,0.017000000,6764.706,4941.176
1,927,1416,1.416000,7506,9605,0.014000000,6857.143,5285.714
1,928,1418,1.418000,7515,9617,0.014000000,6857.143,5500.000
1,929,1419,1.419000,7523,9629,0.014000000,6857.143,5500.000
1,930,1421,1.421000,7533,9641,0.014000000,6857.143,5428.571
1,931,1423,1.423000,7543,9653,0.014000000,6857.143,5285.714
1,932,1425,1.425000,7551,9665,0.014000000,6857.143,5214.286
1,933,1426,1.426000,7560,9677,0.014000000,6857.143,5285.714
1,934,1428,1.428000,7570,9689,0.014000000,6857.143,5428.571
1,935,1430,1.430000,7570,9700,0.015000000,6666.667,5066.667
1,937,1432,1.432000,7590,9713,0.016000000,6750.000,5250.000
1,938,1433,1.433000,7596,9725,0.015000000,7200.000,5400.000
1,939,1435,1.435000,7606,9737,0.016000000,6750.000,5187.500
1,940,1437,1.437000,7618,9749,0.016000000,6750.000,5312.500
1,941,1438,1.438000,7629,9761,0.015000000,7200.000,5733.333
1,942,1440,1.440000,7636,9773,0.015000000,7200.000,5666.667
1,943,1442,1.442000,7644,9785,0.016000000,6750.000,5250.000
1,946,1445,1.445000,7666,9809,0.017000000,7058.824,5647.059
1,947,1447,1.447000,7674,9821,0.017000000,7117.647,6117.647
1,948,1449,1.449000,7682,9833,0.017000000,7058.824,5411.765
1,949,1451,1.451000,7692,9845,0.018000000,6666.667,5333.333
1,950,1452,1.452000,7701,9857,0.017000000,7058.824,5588.235
1,951,1454,1.454000,7711,9869,0.017000000,7058.824,5470.588
1,952,1456,1.456000,7720,9881,0.018000000,6666.667,5055.556
1,953,1458,1.458000,7730,9893,0.018000000,6666.667,5222.222
1,954,1459,1.459000,7730,9900,0.017000000,6764.706,5058.824
1,956,1461,1.461000,7748,9917,0.016000000,6750.000,5125.000
1,957,1463,1.463000,7756,9929,0.016000000,6750.000,5125.000
1,958,1465,1.465000,7767,9941,0.016000000,6750.000,5312.500
1,959,1466,1.466000,7778,9953,0.015000000,7200.000,5733.333
1,960,1468,1.468000,7788,9965,0.016000000,6750.000,5437.500
1,961,1470,1.470000,7794,9977,0.016000000,6750.000,5187.500
1,962,1472,1.472000,7803,9989,0.016000000,6750.000,5187.500
1,963,1473,1.473000,7803,10000,0.015000000,7133.333,4866.667
1,965,1475,1.475000,7826,10013,0.016000000,7062.500,6000.000
1,966,1477,1.477000,7833,10025,0.016000000,6750.000,5312.500
1,967,1479,1.479000,7842,10037,0.016000000,6750.000,5375.000
1,968,1480,1.480000,7852,10049,0.015000000,7200.000,5666.667
1,969,1482,1.482000,7862,10062,0.016000000,6812.500,5250.000
1,970,1484,1.484000,7871,10074,0.016000000,6812.500,5187.500
1,971,1486,1.486000,7880,10086,0.016000000,6812.500,5375.000
1,974,1489,1.489000,7900,10110,0.017000000,7117.647,5705.882
1,975,1491,1.491000,7908,10122,0.018000000,6777.778,5833.333
1,976,1493,1.493000,7917,10135,0.018000000,6777.778,5055.556
1,977,1494,1.494000,7929,10147,0.017000000,7176.471,5647.059
1,978,1496,1.496000,7940,10159,0.017000000,7176.471,5764.706
1,979,1498,1.498000,7947,10171,0.018000000,6777.778,5277.778
1,980,1500,1.500000,7954,10183,0.018000000,6722.222,5111.111
1,983,1503,1.503000,7978,10207,0.019000000,7000.000,5631.579
1,984,1505,1.505000,7986,10220,0.019000000,7052.632,5578.947
1,985,1507,1.507000,7994,10232,0.018000000,6777.778,5222.222
1,986,1509,1.509000,8002,10244,0.018000000,6777.778,5222.222
1,987,1510,1.510000,8014,10256,0.017000000,7117.647,5705.882
1,988,1512,1.512000,8024,10268,0.018000000,6722.222,5277.778
1,989,1514,1.514000,8033,10280,0.018000000,6722.222,5166.667
1,990,1516,1.516000,8042,10292,0.018000000,6722.222,5277.778
1,991,1517,1.517000,8042,10300,0.017000000,6882.353,5176.471
1,993,1519,1.519000,8061,10317,0.016000000,6875.000,5187.500
1,994,1521,1.521000,8070,10329,0.016000000,6812.500,5250.000
1,995,1523,1.523000,8080,10341,0.016000000,6812.500,5375.000
1,996,1524,1.524000,8092,10353,0.015000000,7266.667,6000.000
1,997,1526,1.526000,8099,10365,0.016000000,6812.500,5312.500
1,998,1528,1.528000,8107,10377,0.016000000,6812.500,5187.500
1,999,1530,1.530000,8116,10389,0.016000000,6812.500,5187.500
1,1000,1531,1.531000,8116,10400,0.015000000,7200.000,4933.333
1,1002,1533,1.533000,8139,10414,0.016000000,7125.000,6062.500
1,1003,1535,1.535000,8145,10426,0.016000000,6812.500,5250.000
1,1004,1537,1.537000,8154,10439,0.016000000,6875.000,5250.000
1,1005,1539,1.539000,8166,10451,0.016000000,6875.000,5375.000
1,1006,1540,1.540000,8178,10463,0.016000000,6875.000,5375.000
1,1007,1542,1.542000,8186,10475,0.016000000,6875.000,5437.500
1,1008,1544,1.544000,8194,10488,0.016000000,6937.500,5437.500
1,1009,1546,1.546000,8194,10500,0.016000000,6937.500,4875.000
1,1011,1547,1.547000,8215,10512,0.016000000,7000.000,6187.500
1,1012,1549,1.549000,8224,10525,0.016000000,6937.500,5312.500
1,1013,1551,1.551000,8234,10537,0.016000000,6937.500,5562.500
1,1014,1553,1.553000,8243,10549,0.016000000,6875.000,5562.500
1,1015,1555,1.555000,8252,10562,0.016000000,6937.500,5375.000
1,1016,1556,1.556000,8262,10574,0.016000000,6937.500,5250.000
1,1017,1558,1.558000,8272,10586,0.016000000,6937.500,5375.000
1,1020,1562,1.562000,8292,10611,0.018000000,6833.333,5444.444
1,1021,1564,1.564000,8299,10623,0.018000000,6833.333,5833.333
1,1022,1565,1.565000,8310,10636,0.018000000,6888.889,5277.778
1,1023,1567,1.567000,8321,10648,0.018000000,6833.333,5388.889
1,1024,1569,1.569000,8332,10660,0.018000000,6833.333,5444.444
1,1025,1571,1.571000,8340,10673,0.018000000,6888.889,5388.889
1,1026,1572,1.572000,8348,10685,0.017000000,7235.294,5647.059
1,1029,1576,1.576000,8370,10710,0.020000000,6800.000,5400.000
1,1030,1578,1.578000,8378,10722,0.020000000,6800.000,5300.000
1,1031,1580,1.580000,8386,10734,0.018000000,6833.333,5222.222
1,1032,1581,1.581000,8397,10746,0.017000000,7235.294,5764.706
1,1033,1583,1.583000,8408,10759,0.018000000,6833.333,5444.444
1,1034,1585,1.585000,8416,10771,0.018000000,6833.333,5277.778
1,1035,1587,1.587000,8426,10783,0.018000000,6833.333,5222.222
1,1038,1590,1.590000,8446,10808,0.019000000,7105.263,5578.947
1,1039,1592,1.592000,8453,10820,0.020000000,6750.000,5250.000
1,1040,1594,1.594000,8462,10833,0.018000000,6833.333,5111.111
1,1041,1596,1.596000,8473,10845,0.018000000,6833.333,5277.778
1,1042,1597,1.597000,8484,10857,0.017000000,7235.294,5764.706
1,1043,1599,1.599000,8492,10869,0.018000000,6833.333,5277.778
1,1044,1601,1.601000,8500,10882,0.018000000,6833.333,5111.111
1,1045,1603,1.603000,8510,10894,0.018000000,6833.333,5222.222
1,1046,1604,1.604000,8510,10900,0.017000000,6882.353,4941.176
1,1047,1605,1.605000,8522,10906,0.015000000,6533.333,5066.667
1,1048,1606,1.606000,8532,10919,0.014000000,7071.429,5642.857
1,1049,1608,1.608000,8539,10931,0.014000000,7000.000,5500.000
1,1050,1610,1.610000,8548,10943,0.014000000,7000.000,5357.143
1,1051,1612,1.612000,8560,10956,0.015000000,6600.000,5066.667
1,1052,1614,1.614000,8570,10968,0.015000000,6600.000,5200.000
1,1053,1615,1.615000,8579,10980,0.014000000,7000.000,5642.857
1,1054,1617,1.617000,8588,10993,0.014000000,7071.429,5571.429
1,1055,1618,1.618000,8588,11000,0.014000000,7142.857,5571.429
1,1056,1619,1.619000,8598,11005,0.014000000,7071.429,5428.571
1,1057,1621,1.621000,8607,11017,0.015000000,6533.333,5000.000
1,1058,1622,1.622000,8616,11030,0.014000000,7071.429,5500.000
1,1059,1624,1.624000,8627,11042,0.014000000,7071.429,5642.857
1,1060,1626,1.626000,8638,11054,0.014000000,7000.000,5571.429
1,1061,1628,1.628000,8646,11066,0.014000000,7000.000,5428.571
1,1062,1630,1.630000,8654,11079,0.015000000,6600.000,5000.000
1,1063,1631,1.631000,8664,11091,0.014000000,7000.000,5428.571
1,1064,1633,1.633000,8664,11100,0.015000000,6666.667,5066.667
1,1066,1635,1.635000,8686,11116,0.016000000,6937.500,5500.000
1,1067,1637,1.637000,8692,11128,0.016000000,6937.500,5312.500
1,1068,1638,1.638000,8702,11140,0.016000000,6875.000,5375.000
1,1069,1640,1.640000,8714,11153,0.016000000,6937.500,5437.500
1,1070,1642,1.642000,8724,11165,0.016000000,6937.500,5375.000
1,1071,1644,1.644000,8734,11177,0.016000000,6937.500,5500.000
1,1072,1646,1.646000,8742,11189,0.016000000,6875.000,5500.000
1,1073,1647,1.647000,8742,11200,0.016000000,6812.500,4875.000
1,1075,1649,1.649000,8762,11214,0.016000000,7125.000,6125.000
1,1076,1651,1.651000,8770,11226,0.016000000,6875.000,5250.000
1,1077,1653,1.653000,8781,11239,0.016000000,6937.500,5562.500
1,1078,1655,1.655000,8791,11251,0.017000000,6529.412,5235.294
1,1079,1656,1.656000,8799,11263,0.016000000,6875.000,5312.500
1,1080,1658,1.658000,8808,11276,0.016000000,6937.500,5250.000
1,1081,1660,1.660000,8818,11288,0.016000000,6937.500,5250.000
1,1082,1662,1.662000,8818,11300,0.016000000,6937.500,4750.000
1,1084,1664,1.664000,8840,11313,0.017000000,6647.059,5764.706
1,1085,1665,1.665000,8845,11325,0.016000000,6937.500,5187.500
1,1086,1667,1.667000,8854,11337,0.016000000,6937.500,5250.000
1,1087,1669,1.669000,8866,11350,0.016000000,6937.500,5312.500
1,1088,1671,1.671000,8879,11362,0.016000000,6937.500,5500.000
1,1089,1672,1.672000,8887,11374,0.016000000,6937.500,5500.000
1,1090,1674,1.674000,8894,11386,0.016000000,6875.000,5375.000
1,1093,1678,1.678000,8916,11411,0.018000000,6833.333,5444.444
1,1094,1680,1.680000,8926,11424,0.018000000,6888.889,6000.000
1,1095,1681,1.681000,8934,11436,0.017000000,7235.294,5529.412
1,1096,1683,1.683000,8942,11448,0.018000000,6833.333,5388.889
1,1097,1685,1.685000,8952,11460,0.018000000,6833.333,5444.444
1,1098,1687,1.687000,8964,11473,0.018000000,6833.333,5444.444
1,1099,1688,1.688000,8974,11485,0.017000000,7235.294,5588.235
1,1102,1692,1.692000,8991,11509,0.020000000,6750.000,5200.000
1,1103,1694,1.694000,8998,11522,0.020000000,6800.000,5200.000
1,1104,1696,1.696000,9010,11534,0.018000000,6833.333,5222.222
1,1105,1697,1.697000,9022,11546,0.017000000,7176.471,5647.059
1,1106,1699,1.699000,9032,11559,0.018000000,6833.333,5444.444
1,1107,1701,1.701000,9038,11571,0.018000000,6833.333,5333.333
1,1108,1703,1.703000,9046,11583,0.018000000,6833.333,5222.222
1,1111,1706,1.706000,9071,11608,0.019000000,7105.263,5631.579
1,1112,1708,1.708000,9078,11620,0.020000000,6750.000,5200.000
1,1113,1710,1.710000,9085,11633,0.018000000,6888.889,5222.222
1,1114,1712,1.712000,9094,11645,0.018000000,6833.333,5333.333
1,1115,1713,1.713000,9106,11657,0.017000000,7235.294,5647.059
1,1116,1715,1.715000,9118,11669,0.018000000,6833.333,5333.333
1,1117,1717,1.717000,9126,11682,0.018000000,6833.333,5222.222
1,1118,1719,1.719000,9134,11694,0.018000000,6833.333,5333.333
1,1119,1720,1.720000,9134,11700,0.017000000,6882.353,5176.471
1,1120,1721,1.721000,9144,11707,0.015000000,6600.000,4866.667
1,1121,1722,1.722000,9154,11719,0.014000000,7071.429,5428.571
1,1122,1724,1.724000,9165,11731,0.014000000,7000.000,5714.286
1,1123,1726,1.726000,9175,11743,0.014000000,7000.000,5785.714
1,1124,1728,1.728000,9184,11756,0.015000000,6600.000,5200.000
1,1125,1730,1.730000,9192,11768,0.015000000,6600.000,4933.333
1,1126,1731,1.731000,9200,11780,0.014000000,7000.000,5285.714
1,1127,1733,1.733000,9213,11793,0.014000000,7071.429,5642.857
1,1128,1734,1.734000,9213,11800,0.014000000,7142.857,5642.857
1,1129,1735,1.735000,9225,11805,0.014000000,7000.000,5785.714
1,1130,1737,1.737000,9232,11817,0.015000000,6533.333,5200.000
1,1131,1738,1.738000,9238,11830,0.014000000,7071.429,5214.286
1,1132,1740,1.740000,9248,11842,0.014000000,7071.429,5214.286
1,1133,1742,1.742000,9262,11854,0.014000000,7000.000,5571.429
1,1134,1744,1.744000,9273,11866,0.014000000,7000.000,5785.714
1,1135,1746,1.746000,9280,11879,0.015000000,6600.000,5333.333
1,1136,1747,1.747000,9287,11891,0.014000000,7000.000,5285.714
1,1137,1749,1.749000,9287,11900,0.015000000,6666.667,4933.333
1,1139,1751,1.751000,9310,11916,0.016000000,6937.500,5312.500
1,1140,1753,1.753000,9320,11928,0.016000000,6937.500,5500.000
1,1141,1754,1.754000,9328,11940,0.016000000,6875.000,5625.000
1,1142,1756,1.756000,9336,11953,0.016000000,6937.500,5500.000
1,1143,1758,1.758000,9346,11965,0.016000000,6937.500,5250.000
1,1144,1760,1.760000,9358,11977,0.016000000,6937.500,5312.500
1,1145,1762,1.762000,9368,11989,0.016000000,6875.000,5500.000
1,1146,1763,1.763000,9368,12000,0.016000000,6812.500,5062.500
1,1148,1765,1.765000,9385,12014,0.016000000,7125.000,6125.000
1,1149,1767,1.767000,9393,12026,0.016000000,6875.000,5187.500
1,1150,1769,1.769000,9404,12039,0.016000000,6937.500,5250.000
1,1151,1771,1.771000,9418,12051,0.017000000,6529.412,5294.118
1,1152,1772,1.772000,9427,12063,0.016000000,6875.000,5687.500
1,1153,1774,1.774000,9433,12075,0.016000000,6875.000,5437.500
1,1154,1776,1.776000,9441,12088,0.016000000,6937.500,5187.500
1,1155,1778,1.778000,9441,12100,0.016000000,6937.500,4562.500
1,1157,1779,1.779000,9466,12112,0.016000000,7000.000,6125.000
1,1158,1781,1.781000,9474,12125,0.016000000,6937.500,5562.500
1,1159,1783,1.783000,9482,12137,0.016000000,6937.500,5562.500
1,1160,1785,1.785000,9491,12149,0.016000000,6875.000,5437.500
1,1161,1787,1.787000,9501,12162,0.016000000,6937.500,5187.500
1,1162,1788,1.788000,9512,12174,0.016000000,6937.500,5312.500
1,1163,1790,1.790000,9522,12186,0.016000000,6937.500,5562.500
1,1166,1794,1.794000,9540,12211,0.018000000,6833.333,5500.000
1,1167,1796,1.796000,9547,12223,0.018000000,6833.333,5888.889
1,1168,1797,1.797000,9559,12236,0.018000000,6888.889,5166.667
1,1169,1799,1.799000,9572,12248,0.018000000,6833.333,5444.444
1,1170,1801,1.801000,9582,12260,0.018000000,6833.333,5555.556
1,1171,1803,1.803000,9588,12272,0.018000000,6833.333,5388.889
1,1172,1804,1.804000,9595,12285,0.017000000,7235.294,5529.412
1,1175,1808,1.808000,9622,12309,0.020000000,6750.000,5500.000
1,1176,1810,1.810000,9629,12322,0.020000000,6800.000,5350.000
1,1177,1812,1.812000,9634,12334,0.018000000,6833.333,5222.222
1,1178,1813,1.813000,9644,12346,0.017000000,7235.294,5705.882
1,1179,1815,1.815000,9657,12359,0.018000000,6833.333,5444.444
1,1180,1817,1.817000,9668,12371,0.018000000,6833.333,5333.333
1,1181,1819,1.819000,9677,12383,0.018000000,6833.333,5277.778
1,1184,1822,1.822000,9694,12408,0.019000000,7157.895,5578.947
1,1185,1824,1.824000,9703,12420,0.020000000,6750.000,5400.000
1,1186,1826,1.826000,9714,12432,0.018000000,6833.333,5111.111
1,1187,1828,1.828000,9726,12445,0.018000000,6833.333,5388.889
1,1188,1829,1.829000,9734,12457,0.017000000,7235.294,5882.353
1,1189,1831,1.831000,9741,12469,0.018000000,6833.333,5388.889
1,1190,1833,1.833000,9750,12482,0.018000000,6833.333,5166.667
1,1191,1835,1.835000,9762,12494,0.018000000,6833.333,5222.222
1,1192,1836,1.836000,9762,12500,0.017000000,6882.353,5000.000
1,1193,1837,1.837000,9777,12507,0.015000000,6600.000,5533.333
1,1194,1838,1.838000,9782,12519,0.014000000,7071.429,5642.857
1,1195,1840,1.840000,9788,12531,0.014000000,7071.429,5285.714
1,1196,1842,1.842000,9798,12543,0.014000000,7000.000,5142.857
1,1197,1844,1.844000,9812,12556,0.015000000,6600.000,5200.000
1,1198,1846,1.846000,9824,12568,0.015000000,6600.000,5533.333
1,1199,1847,1.847000,9830,12580,0.014000000,7000.000,5714.286
1,1200,1849,1.849000,9837,12593,0.014000000,7071.429,5357.143
1,1201,1850,1.850000,9837,12600,0.014000000,7142.857,5357.143
1,1202,1851,1.851000,9848,12605,0.014000000,7000.000,5071.429
1,1203,1853,1.853000,9859,12617,0.015000000,6533.333,5133.333
1,1204,1854,1.854000,9870,12630,0.014000000,7071.429,5857.143
1,1205,1856,1.856000,9880,12642,0.014000000,7071.429,5857.143
1,1206,1858,1.858000,9888,12654,0.014000000,7000.000,5428.571
1,1207,1860,1.860000,9895,12666,0.014000000,7000.000,5071.429
1,1208,1862,1.862000,9904,12679,0.015000000,6600.000,4933.333
1,1209,1863,1.863000,9918,12691,0.014000000,7000.000,5785.714
1,1210,1865,1.865000,9918,12700,0.015000000,6666.667,5400.000
1,1212,1867,1.867000,9936,12716,0.016000000,6937.500,5500.000
1,1213,1869,1.869000,9942,12728,0.016000000,6937.500,5187.500
1,1214,1871,1.871000,9952,12740,0.017000000,6470.588,4823.529
1,1215,1872,1.872000,9966,12753,0.016000000,6937.500,5375.000
1,1216,1874,1.874000,9978,12765,0.016000000,6937.500,5625.000
1,1217,1876,1.876000,9984,12777,0.016000000,6937.500,5562.500
1,1218,1878,1.878000,9990,12789,0.016000000,6875.000,5375.000
1,1219,1879,1.879000,9990,12800,0.016000000,6812.500,4500.000
1,1221,1881,1.881000,10014,12815,0.016000000,7187.500,6000.000
1,1222,1883,1.883000,10024,12827,0.016000000,6937.500,5500.000
1,1223,1885,1.885000,10032,12839,0.016000000,6937.500,5625.000
1,1224,1887,1.887000,10041,12852,0.016000000,7000.000,5562.500
1,1225,1888,1.888000,10050,12864,0.016000000,6937.500,5250.000
1,1226,1890,1.890000,10060,12875,0.016000000,6875.000,5125.000
1,1227,1892,1.892000,10071,12887,0.016000000,6875.000,5437.500
1,1230,1896,1.896000,10087,12909,0.018000000,6666.667,5388.889
1,1231,1897,1.897000,10092,12919,0.018000000,6611.111,5666.667
1,1232,1899,1.899000,10100,12929,0.018000000,6333.333,4777.778
1,1233,1901,1.901000,10112,12939,0.018000000,6222.222,4888.889
1,1234,1903,1.903000,10121,12949,0.018000000,6111.111,4944.444
1,1235,1904,1.904000,10126,12958,0.017000000,6235.294,5000.000
1,1236,1906,1.906000,10131,12967,0.018000000,5722.222,4500.000
1,1237,1908,1.908000,10139,12976,0.018000000,5611.111,4388.889
1,1238,1910,1.910000,10146,12984,0.018000000,5388.889,4166.667
1,1239,1911,1.911000,10151,12992,0.015000000,5533.333,4266.667
1,1240,1913,1.913000,10151,13000,0.016000000,5062.500,3687.500
